{
  "title": "Employee resource",
  "description": "Employee resource object",
  "type": "object",
  "additional_properties": false,
  "properties": {
    "id": {
      "description": "employee id",
      "type": "integer"
    },
    "first_name": {
      "description": "first name",
      "type": "string",
      "minLength": 1,
      "maxLength": 255
    },
    "last_name": {
      "description": "last name",
      "type": "string",
      "minLength": 1,
      "maxLength": 255
    },
  "date_of_birth": {
    "description": "date of birth",
    "type": "string",
    "minLength": 1,
    "maxLength": 255
  },
  "address": {
    "description": "address",
    "type": "object",
    "properties": {
      "line1": {
        "description": "line1",
        "type": "string",
        "minLength": 1,
        "maxLength": 255
      },
      "line2": {
        "description": "line2",
        "type": "string",
        "minLength": 1,
        "maxLength": 255
      },
      "city": {
        "description": "city",
        "type": "string",
        "minLength": 1,
        "maxLength": 255
      },
      "state": {
        "description": "state",
        "type": "string",
        "minLength": 1,
        "maxLength": 255
      },
      "country": {
        "description": "country",
        "type": "string",
        "minLength": 1,
        "maxLength": 255
      },
      "zip_code": {
        "description": "zip_code",
        "type": "integer"
      }
    },
    "required": [
      "line1",
      "city",
      "state",
      "country",
      "zip_code"
    ]
  }
  },
  "required": [
    "first_name",
    "last_name",
    "date_of_birth",
    "address"
  ]
}